<?xml version="1.0" encoding="utf-8"?>
<productAdditionalComps>
   <dependsOn>
      <component>
         <name>CombustionToolbox</name>
         <locale/>
         <platformList>
            <platform>maca64</platform>
         </platformList>
         <version>1.05</version>
      </component>
   </dependsOn>
   <isControllingProduct>true</isControllingProduct>
   <platform>maca64</platform>
   <productName>CombustionToolbox</productName>
   <productNumber>5000</productNumber>
   <productBaseCode>CombustionToolbox</productBaseCode>
   <productVersion>1.05</productVersion>
   <releaseFamily>R2024a</releaseFamily>
   <releaseDescription>R2024a_Prerelease</releaseDescription>
</productAdditionalComps>