<?xml version="1.0" encoding="utf-8"?>
<ApplicationInstallerManifest>
   <DefaultInstallationDirectory>/Applications/Universidad_Carlos_III_de_Madrid/CombustionToolbox/</DefaultInstallationDirectory>
   <ApplicationName>CombustionToolbox</ApplicationName>
   <ExecutableName>application/CombustionToolbox.exe</ExecutableName>
   <GUID>e705faaf-063c-4a14-b4bb-6a4994aa13a2</GUID>
   <ApplicationIcon>icon_48.png</ApplicationIcon>
   <Logo>default_logo.png</Logo>
   <Version>1.05</Version>
   <AuthorOrganization>Universidad Carlos III de Madrid</AuthorOrganization>
   <Summary>Combustion Toolbox: an open source thermochemical code for solving gaseous combustion problems</Summary>
   <WelcomePanelText>CombustionToolbox 1.05
Combustion Toolbox: an open source thermochemical code for solving gaseous combustion problems

Combustion Toolbox (CT) is a new open-source thermochemical code that solves problems involving chemical equilibrium of gas- and condensed-phase species. The kernel of the code is based on the theoretical framework set forth by NASA's computer program CEA (Chemical Equilibrium with Applications) wahile incorporating new algorithms that significantly speed up the convergence rate. The thermochemical properties are computed under the ideal gas approximation using an up-to-date version of NASA's 9-coefficient polynomial fits. These fits use the Third Millennium database, which includes the available values from Active Thermochemical Tables. Combustion Toolbox is programmed in MATLAB with a modular architecture composed of three main modules: CT-EQUIL, CT-SD, and CT-ROCKET. The core module, CT-EQUIL, minimizes the Gibbs/Helmholtz free energy of the system using the technique of Lagrange multipliers combined with a multidimensional Newton-Raphson method, upon the condition that two state functions are used to define the mixture properties (e.g., enthalpy and pressure). CT-SD solves processes involving strong changes in dynamic pressure, such as steady shock and detonation waves under normal and oblique incidence angles. Finally, CT-ROCKET estimates rocket engine performance under highly idealized conditions. The new tool is equipped with a versatile Graphical User Interface and has been successfully used for teaching and research activities over the last four years. Results are in excellent agreement with CEA, Cantera within Caltech's Shock and Detonation Toolbox (SD-Toolbox), and the recent Thermochemical Equilibrium Abundances (TEA) code. CT is available under an open-source GPLv3 license via GitHub https://github.com/AlbertoCuadra/combustion_toolbox and its documentation can be found in https://combustion-toolbox-website.readthedocs.io.

Alberto Cuadra Lara
acuadra@ing.uc3m.es</WelcomePanelText>
   <MCRProducts>
      <MCRProduct>
         <ExternalProductIdentifier>35000</ExternalProductIdentifier>
      </MCRProduct>
      <MCRProduct>
         <ExternalProductIdentifier>35002</ExternalProductIdentifier>
      </MCRProduct>
      <MCRProduct>
         <ExternalProductIdentifier>35003</ExternalProductIdentifier>
      </MCRProduct>
      <MCRProduct>
         <ExternalProductIdentifier>35010</ExternalProductIdentifier>
      </MCRProduct>
      <MCRProduct>
         <ExternalProductIdentifier>35106</ExternalProductIdentifier>
      </MCRProduct>
      <MCRProduct>
         <ExternalProductIdentifier>35160</ExternalProductIdentifier>
      </MCRProduct>
      <MCRProduct>
         <ExternalProductIdentifier>35180</ExternalProductIdentifier>
      </MCRProduct>
   </MCRProducts>
</ApplicationInstallerManifest>