<?xml version="1.0" encoding="utf-8"?>
<ApplicationInstallerManifest>
   <DefaultInstallationDirectory>/Applications/CombustionToolbox/</DefaultInstallationDirectory>
   <ApplicationName>CombustionToolbox</ApplicationName>
   <ExecutableName>application/CombustionToolbox.exe</ExecutableName>
   <GUID>48f417e2-0a3c-40bb-917f-90144853a392</GUID>
   <ApplicationIcon>icon_48.png</ApplicationIcon>
   <Logo>default_logo.png</Logo>
   <Version>1.1</Version>
   <AuthorOrganization>Universidad Carlos III de Madrid</AuthorOrganization>
   <Summary>Combustion Toolbox: an open source thermochemical code for solving gaseous combustion problems</Summary>
   <WelcomePanelText>CombustionToolbox 1.1
Combustion Toolbox: an open source thermochemical code for solving gaseous combustion problems

The Combustion Toolbox (CT) is a newly developed open-source thermochemical code designed to solve problems involving chemical equilibrium for both gas- and condensed-phase species. The kernel of the code is based on the theoretical framework set forth by NASA's computer program CEA (Chemical Equilibrium with Applications) while incorporating new algorithms that significantly improve both convergence rate and robustness. The thermochemical properties are computed under the ideal gas approximation using an up-to-date version of NASA's 9-coefficient polynomial fits. These fits use the Third Millennium database, which includes the available values from Active Thermochemical Tables. Combustion Toolbox is programmed in MATLAB with an object-oriented architecture composed of three main modules: CT-EQUIL, CT-SD, and CT-ROCKET. The kernel module, CT-EQUIL, minimizes the Gibbs/Helmholtz free energy of the system using the technique of Lagrange multipliers combined with a multidimensional Newton-Raphson method, upon the condition that two state functions are used to define the mixture properties (e.g., enthalpy and pressure). CT-SD solves processes involving strong changes in dynamic pressure, such as steady shock and detonation waves under normal and oblique incidence angles. Finally, CT-ROCKET estimates rocket engine performance under highly idealized conditions. The new tool is equipped with a versatile Graphical User Interface and has been successfully used for teaching and research activities over the last four years. Results are in excellent agreement with CEA, Cantera within Caltech's Shock and Detonation Toolbox (SD-Toolbox), and the Thermochemical Equilibrium Abundances (TEA) code. CT is available under an open-source GPLv3 license via GitHub https://github.com/CombustionToolbox/combustion_toolbox, and its documentation can be found in https://combustion-toolbox-website.readthedocs.io.

Alberto Cuadra Lara
acuadra@ing.uc3m.es</WelcomePanelText>
   <MCRProducts>
      <MCRProduct>
         <ExternalProductIdentifier>35002</ExternalProductIdentifier>
      </MCRProduct>
      <MCRProduct>
         <ExternalProductIdentifier>35003</ExternalProductIdentifier>
      </MCRProduct>
      <MCRProduct>
         <ExternalProductIdentifier>35010</ExternalProductIdentifier>
      </MCRProduct>
   </MCRProducts>
</ApplicationInstallerManifest>